Workbook

Sheet Personel_Veri_Seti
A1: Ham Ad Soyad | B1: Düzenlenmiş Ad Soyad | C1: İsim | D1: Soyisim | E1: Sicil No | F1: Departman | G1: Giriş Tarihi | H1: Bugünün Tarihi | I1: Çalışma Süresi (Yıl) | J1: Eski Maaş | K1: Zam Oranı | L1: Zamlı Maaş | M1: Değişim Oranı | N1: Performans Notu | O1: Durum
A2: ahmet YILMAZ | B2: =PROPER(TRIM(A2)) -> Ahmet Yılmaz | C2: =LEFT(B2,FIND(" ",B2)-1) -> Ahmet | D2: =RIGHT(B2,LEN(B2)-FIND(" ",B2)) -> Yılmaz | E2: PER001 | F2: =VLOOKUP(E2,Referans_Tablosu!$A$2:$B$11,2,FALSE) -> İnsan Kaynakları | G2: 42073 | H2: 46195 | I2: =DATEDIF(G2,H2,"Y") -> 11 | J2: 45000 | K2: =IF(N2>=90,0.3,IF(N2>=80,0.22,0.15)) -> 0.22 | L2: =J2*(1+K2) -> 54900 | M2: =(L2-J2)/J2 -> 0.22 | N2: 85 | O2: =IF(N2>=80,"Başarılı","Geliştirilmeli") -> Başarılı
A3: buse DEMİR | B3: =PROPER(TRIM(A3)) -> Buse Demir | C3: =LEFT(B3,FIND(" ",B3)-1) -> Buse | D3: =RIGHT(B3,LEN(B3)-FIND(" ",B3)) -> Demir | E3: PER002 | F3: =VLOOKUP(E3,Referans_Tablosu!$A$2:$B$11,2,FALSE) -> Bilgi Teknolojileri | G3: 43266 | H3: 46195 | I3: =DATEDIF(G3,H3,"Y") -> 8 | J3: 52000 | K3: =IF(N3>=90,0.3,IF(N3>=80,0.22,0.15)) -> 0.3 | L3: =J3*(1+K3) -> 67600 | M3: =(L3-J3)/J3 -> 0.3 | N3: 92 | O3: =IF(N3>=80,"Başarılı","Geliştirilmeli") -> Başarılı
A4: MEHMET kaya | B4: =PROPER(TRIM(A4)) -> Mehmet Kaya | C4: =LEFT(B4,FIND(" ",B4)-1) -> Mehmet | D4: =RIGHT(B4,LEN(B4)-FIND(" ",B4)) -> Kaya | E4: PER003 | F4: =VLOOKUP(E4,Referans_Tablosu!$A$2:$B$11,2,FALSE) -> Pazarlama | G4: 44440 | H4: 46195 | I4: =DATEDIF(G4,H4,"Y") -> 4 | J4: 38000 | K4: =IF(N4>=90,0.3,IF(N4>=80,0.22,0.15)) -> 0.15 | L4: =J4*(1+K4) -> 43700 | M4: =(L4-J4)/J4 -> 0.15 | N4: 74 | O4: =IF(N4>=80,"Başarılı","Geliştirilmeli") -> Geliştirilmeli
A5: canan ÖZTÜRK | B5: =PROPER(TRIM(A5)) -> Canan Öztürk | C5: =LEFT(B5,FIND(" ",B5)-1) -> Canan | D5: =RIGHT(B5,LEN(B5)-FIND(" ",B5)) -> Öztürk | E5: PER004 | F5: =VLOOKUP(E5,Referans_Tablosu!$A$2:$B$11,2,FALSE) -> Finans | G5: 42786 | H5: 46195 | I5: =DATEDIF(G5,H5,"Y") -> 9 | J5: 48000 | K5: =IF(N5>=90,0.3,IF(N5>=80,0.22,0.15)) -> 0.22 | L5: =J5*(1+K5) -> 58560 | M5: =(L5-J5)/J5 -> 0.22 | N5: 88 | O5: =IF(N5>=80,"Başarılı","Geliştirilmeli") -> Başarılı
A6: ALİ VURAL | B6: =PROPER(TRIM(A6)) -> Ali Vural | C6: =LEFT(B6,FIND(" ",B6)-1) -> Ali | D6: =RIGHT(B6,LEN(B6)-FIND(" ",B6)) -> Vural | E6: PER005 | F6: =VLOOKUP(E6,Referans_Tablosu!$A$2:$B$11,2,FALSE) -> Bilgi Teknolojileri | G6: 41948 | H6: 46195 | I6: =DATEDIF(G6,H6,"Y") -> 11 | J6: 65000 | K6: =IF(N6>=90,0.3,IF(N6>=80,0.22,0.15)) -> 0.3 | L6: =J6*(1+K6) -> 84500 | M6: =(L6-J6)/J6 -> 0.3 | N6: 95 | O6: =IF(N6>=80,"Başarılı","Geliştirilmeli") -> Başarılı
A7: fatma AYDIN | B7: =PROPER(TRIM(A7)) -> Fatma Aydın | C7: =LEFT(B7,FIND(" ",B7)-1) -> Fatma | D7: =RIGHT(B7,LEN(B7)-FIND(" ",B7)) -> Aydın | E7: PER006 | F7: =VLOOKUP(E7,Referans_Tablosu!$A$2:$B$11,2,FALSE) -> İnsan Kaynakları | G7: 43689 | H7: 46195 | I7: =DATEDIF(G7,H7,"Y") -> 6 | J7: 72000 | K7: =IF(N7>=90,0.3,IF(N7>=80,0.22,0.15)) -> 0.3 | L7: =J7*(1+K7) -> 93600 | M7: =(L7-J7)/J7 -> 0.3 | N7: 90 | O7: =IF(N7>=80,"Başarılı","Geliştirilmeli") -> Başarılı
A8: mustafa KILIÇ | B8: =PROPER(TRIM(A8)) -> Mustafa Kılıç | C8: =LEFT(B8,FIND(" ",B8)-1) -> Mustafa | D8: =RIGHT(B8,LEN(B8)-FIND(" ",B8)) -> Kılıç | E8: PER007 | F8: =VLOOKUP(E8,Referans_Tablosu!$A$2:$B$11,2,FALSE) -> Pazarlama | G8: 44571 | H8: 46195 | I8: =DATEDIF(G8,H8,"Y") -> 4 | J8: 40000 | K8: =IF(N8>=90,0.3,IF(N8>=80,0.22,0.15)) -> 0.15 | L8: =J8*(1+K8) -> 46000 | M8: =(L8-J8)/J8 -> 0.15 | N8: 68 | O8: =IF(N8>=80,"Başarılı","Geliştirilmeli") -> Geliştirilmeli
A9: ZEYNEP ÇETİN | B9: =PROPER(TRIM(A9)) -> Zeynep Çetin | C9: =LEFT(B9,FIND(" ",B9)-1) -> Zeynep | D9: =RIGHT(B9,LEN(B9)-FIND(" ",B9)) -> Çetin | E9: PER008 | F9: =VLOOKUP(E9,Referans_Tablosu!$A$2:$B$11,2,FALSE) -> Finans | G9: 42485 | H9: 46195 | I9: =DATEDIF(G9,H9,"Y") -> 10 | J9: 49000 | K9: =IF(N9>=90,0.3,IF(N9>=80,0.22,0.15)) -> 0.22 | L9: =J9*(1+K9) -> 59780 | M9: =(L9-J9)/J9 -> 0.22 | N9: 81 | O9: =IF(N9>=80,"Başarılı","Geliştirilmeli") -> Başarılı
A10: Gökhan aslan | B10: =PROPER(TRIM(A10)) -> Gökhan Aslan | C10: =LEFT(B10,FIND(" ",B10)-1) -> Gökhan | D10: =RIGHT(B10,LEN(B10)-FIND(" ",B10)) -> Aslan | E10: PER009 | F10: =VLOOKUP(E10,Referans_Tablosu!$A$2:$B$11,2,FALSE) -> Bilgi Teknolojileri | G10: 44134 | H10: 46195 | I10: =DATEDIF(G10,H10,"Y") -> 5 | J10: 55000 | K10: =IF(N10>=90,0.3,IF(N10>=80,0.22,0.15)) -> 0.22 | L10: =J10*(1+K10) -> 67100 | M10: =(L10-J10)/J10 -> 0.22 | N10: 87 | O10: =IF(N10>=80,"Başarılı","Geliştirilmeli") -> Başarılı
A11: Ebru YILDIZ | B11: =PROPER(TRIM(A11)) -> Ebru Yıldız | C11: =LEFT(B11,FIND(" ",B11)-1) -> Ebru | D11: =RIGHT(B11,LEN(B11)-FIND(" ",B11)) -> Yıldız | E11: PER010 | F11: =VLOOKUP(E11,Referans_Tablosu!$A$2:$B$11,2,FALSE) -> Satış | G11: 45060 | H11: 46195 | I11: =DATEDIF(G11,H11,"Y") -> 3 | J11: 36000 | K11: =IF(N11>=90,0.3,IF(N11>=80,0.22,0.15)) -> 0.15 | L11: =J11*(1+K11) -> 41400 | M11: =(L11-J11)/J11 -> 0.15 | N11: 79 | O11: =IF(N11>=80,"Başarılı","Geliştirilmeli") -> Geliştirilmeli
B14: Özet İstatistikler (COUNT / COUNTIF)
B15: Toplam Değerlendirilen Personel Sayısı: | D15: =COUNT(N2:N11) -> 10
B16: Başarılı Personel Sayısı (>=80): | D16: =COUNTIF(O2:O11,"Başarılı") -> 7
B17: Geliştirilmeli Olan Personel Sayısı: | D17: =COUNTIF(O2:O11,"Geliştirilmeli") -> 3

Sheet Referans_Tablosu
A1: Sicil No | B1: Departman
A2: PER001 | B2: İnsan Kaynakları
A3: PER002 | B3: Bilgi Teknolojileri
A4: PER003 | B4: Pazarlama
A5: PER004 | B5: Finans
A6: PER005 | B6: Bilgi Teknolojileri
A7: PER006 | B7: İnsan Kaynakları
A8: PER007 | B8: Pazarlama
A9: PER008 | B9: Finans
A10: PER009 | B10: Bilgi Teknolojileri
A11: PER010 | B11: Satış

Sheet Pivot_Rapor_ve_Grafik
B2: DİNAMİK PIVOT REPORT VE GRAFİK ANALİZİ
B4: Pivot Table: Departmanlara Göre Ortalama Performans
B5: Satır Etiketleri (Departman) | C5: Ortalama / Performans Notu
B6: İnsan Kaynakları | C6: =AVERAGEIF(Personel_Veri_Seti!$F$2:$F$11,"İnsan Kaynakları",Personel_Veri_Seti!$N$2:$N$11) -> 87.5
B7: Bilgi Teknolojileri | C7: =AVERAGEIF(Personel_Veri_Seti!$F$2:$F$11,"Bilgi Teknolojileri",Personel_Veri_Seti!$N$2:$N$11) -> 91.333333
B8: Pazarlama | C8: =AVERAGEIF(Personel_Veri_Seti!$F$2:$F$11,"Pazarlama",Personel_Veri_Seti!$N$2:$N$11) -> 71
B9: Finans | C9: =AVERAGEIF(Personel_Veri_Seti!$F$2:$F$11,"Finans",Personel_Veri_Seti!$N$2:$N$11) -> 84.5
B10: Satış | C10: =AVERAGEIF(Personel_Veri_Seti!$F$2:$F$11,"Satış",Personel_Veri_Seti!$N$2:$N$11) -> 79
B11: Genel Toplam | C11: =AVERAGE(Personel_Veri_Seti!N2:N11) -> 83.9
B13: [Dilimleyici (Slicer): Durum]
B14: ⬜ Başarılı ⬜ Geliştirilmeli
